path,title,type,subject,authority,owner,created_or_last_evidence,status,replacement,inbound_links,retention_reason,disposition,conflict_flags,sha256
AGENTS.md,AGENTS,reference,project,current,maintainers,2026-06-20,authoritative,,docs/README.md,approved root-level contributor instruction,current,,e6758d797a51f1ff1469fd01f9c97a180aed0fc7b7e763f5139ee4cef72f601c
CONTRIBUTING.md,Contributing to MenuMaker,reference,project,current,maintainers,2026-06-20,authoritative,,docs/README.md,approved root-level contributor instruction,current,readiness-claim,f3dc9e1cd6ded41a7b39e90b81a8eaea1bf35edc98373a0798be2824076cc7d1
MY_PROJECT.md,My Project: Exhaustive Production Readiness Plan,reference,project,current,maintainers,2026-06-20,authoritative,,AGENTS.md;docs/README.md,approved root-level contributor instruction,current,,b68fb58dae9217527f404a19a9de2da3b52c04b731a97da0bcf4dd81f5a11d72
README.md,MenuMaker - Restaurant Menu Management & Ordering System,reference,project,current,maintainers,2026-06-20,authoritative,,android/README.md;docs/README.md;docs/archive/2026/ADMIN-BACKEND-GUIDE.md;docs/archive/2026/BACKEND_EXPLORATION.md;docs/archive/2026/BACKEND_QUICK_REFERENCE.txt;docs/archive/2026/BUNDLE-VERIFICATION.txt;docs/archive/2026/CI-PIPELINE-TEST-REPORT.md;docs/archive/2026/COMPILATION_ERRORS_BREAKDOWN.md;docs/archive/2026/COMPREHENSIVE_PARITY_ANALYSIS.md;docs/archive/2026/CONTEXT.md;docs/archive/2026/IMPLEMENTATION-READY.md;docs/archive/2026/INDEX.md;docs/archive/2026/IOS-IMPLEMENTATION-SUMMARY.md;docs/archive/2026/MOBILE-APPS-IMPLEMENTATION-COMPLETE.md;docs/archive/2026/MOBILE-APPS-STATUS.md;docs/archive/2026/PAYMENT-PROCESSORS-GUIDE.md;docs/archive/2026/PHASE-1-POLISH-PLAN.md;docs/archive/2026/PHASE-2-IMPLEMENTATION-PLAN.md;docs/archive/2026/PHASE-2.1-COMPLETION-SUMMARY.md;docs/archive/2026/PHASE-2.2-COMPLETION-SUMMARY.md;docs/archive/2026/PHASES-EXPANSION-SUMMARY.md;docs/archive/2026/PHASES-ROADMAP.md;docs/archive/2026/SPECKIT-BUNDLE-README.md;docs/archive/2026/STRIPE-PAYMENT-TESTING.md;docs/archive/2026/TEST_COVERAGE_FINAL_SUMMARY.md;docs/archive/2026/TROUBLESHOOTING.md;docs/archive/2026/backend__templates__legal__privacy-policy-IN.md;docs/archive/2026/backend__tests__TEST_COVERAGE_FINAL_REPORT.md;docs/archive/2026/backend__tests__TEST_COVERAGE_IMPROVEMENT.md;docs/archive/2026/backend__tests__TEST_COVERAGE_SUMMARY.md;specs/001-menu-maker/plan.md;specs/004-mobile-ios/spec.md;specs/005-mobile-android/spec.md;specs/MOBILE-COMPLETION-REPORT.txt,approved root-level contributor instruction,current,readiness-claim,b6db9604320b79cccb8a168da3889c4ad236dbfcdbf7646adf3fa9589820bd39
android/README.md,MenuMaker Android App,reference,android,current,docs,2026-06-20,authoritative,,README.md;docs/README.md;docs/archive/2026/ADMIN-BACKEND-GUIDE.md;docs/archive/2026/BACKEND_EXPLORATION.md;docs/archive/2026/BACKEND_QUICK_REFERENCE.txt;docs/archive/2026/BUNDLE-VERIFICATION.txt;docs/archive/2026/CI-PIPELINE-TEST-REPORT.md;docs/archive/2026/COMPILATION_ERRORS_BREAKDOWN.md;docs/archive/2026/COMPREHENSIVE_PARITY_ANALYSIS.md;docs/archive/2026/CONTEXT.md;docs/archive/2026/IMPLEMENTATION-READY.md;docs/archive/2026/INDEX.md;docs/archive/2026/IOS-IMPLEMENTATION-SUMMARY.md;docs/archive/2026/MOBILE-APPS-IMPLEMENTATION-COMPLETE.md;docs/archive/2026/MOBILE-APPS-STATUS.md;docs/archive/2026/PAYMENT-PROCESSORS-GUIDE.md;docs/archive/2026/PHASE-1-POLISH-PLAN.md;docs/archive/2026/PHASE-2-IMPLEMENTATION-PLAN.md;docs/archive/2026/PHASE-2.1-COMPLETION-SUMMARY.md;docs/archive/2026/PHASE-2.2-COMPLETION-SUMMARY.md;docs/archive/2026/PHASES-EXPANSION-SUMMARY.md;docs/archive/2026/PHASES-ROADMAP.md;docs/archive/2026/SPECKIT-BUNDLE-README.md;docs/archive/2026/STRIPE-PAYMENT-TESTING.md;docs/archive/2026/TEST_COVERAGE_FINAL_SUMMARY.md;docs/archive/2026/TROUBLESHOOTING.md;docs/archive/2026/backend__templates__legal__privacy-policy-IN.md;docs/archive/2026/backend__tests__TEST_COVERAGE_FINAL_REPORT.md;docs/archive/2026/backend__tests__TEST_COVERAGE_IMPROVEMENT.md;docs/archive/2026/backend__tests__TEST_COVERAGE_SUMMARY.md;specs/001-menu-maker/plan.md;specs/004-mobile-ios/spec.md;specs/005-mobile-android/spec.md;specs/MOBILE-COMPLETION-REPORT.txt,current governed documentation,current,,d4617ade162ddccaa4bd58ece7e7e3ce8e57f708e28bf4d3cc2b0e70b3418c30
docs/README.md,MenuMaker documentation,reference,project-docs,current,docs,2026-06-20,authoritative,,README.md;android/README.md;docs/archive/2026/ADMIN-BACKEND-GUIDE.md;docs/archive/2026/BACKEND_EXPLORATION.md;docs/archive/2026/BACKEND_QUICK_REFERENCE.txt;docs/archive/2026/BUNDLE-VERIFICATION.txt;docs/archive/2026/CI-PIPELINE-TEST-REPORT.md;docs/archive/2026/COMPILATION_ERRORS_BREAKDOWN.md;docs/archive/2026/COMPREHENSIVE_PARITY_ANALYSIS.md;docs/archive/2026/CONTEXT.md;docs/archive/2026/IMPLEMENTATION-READY.md;docs/archive/2026/INDEX.md;docs/archive/2026/IOS-IMPLEMENTATION-SUMMARY.md;docs/archive/2026/MOBILE-APPS-IMPLEMENTATION-COMPLETE.md;docs/archive/2026/MOBILE-APPS-STATUS.md;docs/archive/2026/PAYMENT-PROCESSORS-GUIDE.md;docs/archive/2026/PHASE-1-POLISH-PLAN.md;docs/archive/2026/PHASE-2-IMPLEMENTATION-PLAN.md;docs/archive/2026/PHASE-2.1-COMPLETION-SUMMARY.md;docs/archive/2026/PHASE-2.2-COMPLETION-SUMMARY.md;docs/archive/2026/PHASES-EXPANSION-SUMMARY.md;docs/archive/2026/PHASES-ROADMAP.md;docs/archive/2026/SPECKIT-BUNDLE-README.md;docs/archive/2026/STRIPE-PAYMENT-TESTING.md;docs/archive/2026/TEST_COVERAGE_FINAL_SUMMARY.md;docs/archive/2026/TROUBLESHOOTING.md;docs/archive/2026/backend__templates__legal__privacy-policy-IN.md;docs/archive/2026/backend__tests__TEST_COVERAGE_FINAL_REPORT.md;docs/archive/2026/backend__tests__TEST_COVERAGE_IMPROVEMENT.md;docs/archive/2026/backend__tests__TEST_COVERAGE_SUMMARY.md;specs/001-menu-maker/plan.md;specs/004-mobile-ios/spec.md;specs/005-mobile-android/spec.md;specs/MOBILE-COMPLETION-REPORT.txt,current governed documentation,current,,a5a5410683a8e41ed13e32b96cf79cc08749123d107ea9b4817c3792dd67a001
docs/UITest_Plan.md,MenuMaker UI Test Plan,plan,project-docs,reference,docs,2026-06-20,supporting,,,supporting evidence or generated review artifact,current,conflicting-readiness,3e311ed1bc9e67f4dd0448a5872470b4ca8c0d146722e0c21aa1dff50b978b96
docs/architecture/adr/0001-database-schema-ownership.md,ADR 0001: Database Schema Ownership,decision,project-docs,current,docs,2026-06-20,authoritative,,,current governed documentation,current,,3282abd7a37f06ffe038ff67d0af73b9b83734c8811000e9f14009d0cde5fe1e
docs/architecture/adr/0002-aws-production-runtime.md,ADR 0002: AWS Production Runtime and Delivery Topology,decision,project-docs,current,docs,2026-06-20,authoritative,,docs/archive/2026/CI-PIPELINE-TEST-REPORT.md;docs/archive/2026/DEPLOYMENT.md,current governed documentation,current,,497eceee18950e153cc59ce4eb24191df96b24d650eb4a4084c8931a80622c5b
docs/architecture/adr/0003-api-contract-authority.md,ADR 0003: API contract authority and generated clients,decision,api,current,docs,2026-06-20,authoritative,,docs/README.md,current governed documentation,current,conflicting-readiness,03433fb3f11ec3a8da2d376fca95ee66e160eba96f632a0c4d292677c3bfa6ea
docs/architecture/adr/0004-ios-business-customer-targets.md,ADR 0004: iOS Business and Customer Targets,decision,ios,current,docs,2026-06-20,authoritative,,,current governed documentation,current,,48cd7a05d36eda9a7bfa2aca50bb6256d63e3f98318dc2d69eac9b7c113747b3
docs/architecture/client-layering.md,Client Layering and Ownership,reference,project-docs,current,docs,2026-06-20,authoritative,,,current governed documentation,current,,76faed34fa6682b26ec4e516cd1498c39b531e5eb9f8c651b6c5a9594a7afe79
docs/architecture/target-state.md,MenuMaker Target-State Architecture,reference,project-docs,current,docs,2026-06-20,authoritative,,docs/README.md;docs/product/capability-index.md,current governed documentation,current,,1f4d24a00acd647c73cf4816c2defc9038f5be309db8ccc5f538d22db0440c61
docs/archive/2026/ADMIN-BACKEND-GUIDE.md,MenuMaker Admin Backend Platform Guide,guide,backend,none,docs,2026-06-20,historical,,,retain historical archive with provenance,archive,readiness-claim,6cd2f27c6b2b1f6c20343a0a9df19806abae8d71a4bbc2df40570d631135c6bf
docs/archive/2026/ANDROID-DEV-GUIDE.md,MenuMaker Android Development Guide,guide,android,none,docs,2026-06-20,historical,,,retain historical archive with provenance,archive,conflicting-readiness,023bced5b560baf3c64808ec3ba07d44670ccf84051b47c654938922562230f4
docs/archive/2026/ANDROID-TEST-VERIFICATION.md,Android Test Verification Report,reference,android,none,docs,2026-06-20,historical,,,retain historical archive with provenance,archive,readiness-claim,da55a554b8df24d41c01e523190b61411ba11dae9e0127fad2411434d5220e12
docs/archive/2026/ANDROID_IOS_PARITY_PLAN.md,Android-iOS Parity Plan,plan,android,none,docs,2026-06-20,historical,,,retain historical archive with provenance,archive,conflicting-readiness,a7385fca9c6d1824c1fe0899e474088222871f7eb6406c846e6ec5089b935d03
docs/archive/2026/API_DOCUMENTATION.md,MenuMaker API Documentation,reference,api,none,docs,2026-06-20,historical,,docs/archive/2026/PHASE-1-POLISH-COMPLETE.md,retain historical archive with provenance,archive,conflicting-readiness,54d34e3832c23c9327e3ff8d927f70fb702c818125a397a701efd493ca1b40f3
docs/archive/2026/BACKEND_EXPLORATION.md,MenuMaker Backend - Comprehensive Implementation Analysis,reference,backend,none,docs,2026-06-20,historical,,,retain historical archive with provenance,archive,conflicting-readiness,e4baaa60cd0fc48023b8291ebc9b7225c3bcd4495f3c387c59529b6d904041a3
docs/archive/2026/BACKEND_QUICK_REFERENCE.txt,Backend Quick Reference,guide,backend,none,docs,2026-06-20,historical,,,retain historical archive with provenance,archive,readiness-claim,036e8d69fa625ea8b18447bd02fbec8bafa19fa8ac54130362c7c618408825e1
docs/archive/2026/BRAND-GUIDELINES.md,MenuMaker Brand Guidelines,guide,project-docs,none,docs,2026-06-20,historical,,,retain historical archive with provenance,archive,readiness-claim,b625f5cd1149073324a19e01523f9852e6b3298578bf99d5472b82a7ef6a339b
docs/archive/2026/BUNDLE-VERIFICATION.txt,Bundle Verification,reference,project-docs,none,docs,2026-06-20,historical,,,retain historical archive with provenance,archive,readiness-claim,a07d76b59b9f1bb8bc536be3fc2d91c878a99348d1d5c87378cf2ac291c4e651
docs/archive/2026/CI-PIPELINE-TEST-REPORT.md,CI/CD Pipeline Test Report,report,project-docs,none,docs,2026-06-20,historical,,,retain historical archive with provenance,archive,,954e0c3c048693fbe4f437a2d142c2800ca91860e9f63cf2c1927766202d758e
docs/archive/2026/COMPILATION_ERRORS_BREAKDOWN.md,Compilation Errors Breakdown & Fix Plan,reference,project-docs,none,docs,2026-06-20,historical,,,retain historical archive with provenance,archive,conflicting-readiness,1cd21b7807d16d5852570d2ba24fc85053107da65337d8b67ce26bdbe08609a2
docs/archive/2026/COMPLETE_TEST_COVERAGE_SUMMARY.md,Complete Test Coverage Improvement - All Platforms,report,project-docs,none,docs,2026-06-20,historical,,,retain historical archive with provenance,archive,readiness-claim,1e9f6df03b3dce3bc5ba7908365a846f59fabf90b89fd13a92a203a68fa7ad4f
docs/archive/2026/COMPONENT-LIBRARY.md,MenuMaker Component Library,reference,project-docs,none,docs,2026-06-20,historical,,README.md,retain historical archive with provenance,archive,readiness-claim,c2876895c3bad2d5983e5c8c40f8791e6393d0e8d4208330497e906bbbc5b49a
docs/archive/2026/COMPREHENSIVE_PARITY_ANALYSIS.md,Comprehensive Android-iOS Parity Analysis,reference,project-docs,none,docs,2026-06-20,historical,,,retain historical archive with provenance,archive,conflicting-readiness,fe01d3df79ebdef30038c79f4bcf07afee03e199f00fa7944cc6e75baca772bb
docs/archive/2026/CONTEXT.md,Context,reference,project-docs,none,docs,2026-06-20,historical,,docs/archive/2026/IMPLEMENTATION-READY.md;docs/archive/2026/INDEX.md;docs/archive/2026/PHASES-EXPANSION-COMPLETE.txt;docs/archive/2026/PHASES-EXPANSION-SUMMARY.md;docs/archive/2026/REVIEW-SUMMARY.md;docs/archive/2026/SPECKIT-BUNDLE-README.md;specs/001-menu-maker/phase-2-spec.md;specs/001-menu-maker/phase-3-spec.md,retain historical archive with provenance,archive,,4bf5d6c00ba5d37be551df6fc60b17077c9778725b977463b43bbe5731825a7a
docs/archive/2026/COUPONS-PROMOTIONS-GUIDE.md,MenuMaker Coupons & Promotions Guide,guide,growth,none,docs,2026-06-20,historical,,,retain historical archive with provenance,archive,readiness-claim,ba8f4c7a64c36a0329a345686cd274f701f89bdd13e215af8996877619010ee1
docs/archive/2026/DELIVERY-INTEGRATION-GUIDE.md,MenuMaker Delivery Partner Integration Guide,guide,logistics,none,docs,2026-06-20,historical,,,retain historical archive with provenance,archive,conflicting-readiness,f08409db50ce0684fdf1b379e1d5c0dc1fdafe53eaa68c95cbf646b85f09b942
docs/archive/2026/DEPLOYMENT.md,Deployment Guide,reference,delivery,none,docs,2026-06-20,historical,,,retain historical archive with provenance,archive,,10556bcb3aa774fc7f74d8d65b65c50f2607c1eaacf8bbcba59f508d9e218efb
docs/archive/2026/DESIGN-SYSTEM-GUIDE.md,MenuMaker Design System Guide,guide,design-system,none,docs,2026-06-20,historical,,,retain historical archive with provenance,archive,readiness-claim,99446c356f5482d1ad765c99c12045b635b891c2fc8f5a3a65282481d105a5bc
docs/archive/2026/ENHANCED-REFERRAL-GUIDE.md,MenuMaker Enhanced Referral & Viral Features Guide,guide,growth,none,docs,2026-06-20,historical,,,retain historical archive with provenance,archive,readiness-claim,4cee42b42da7043eece9c0248313276858b9276624e7d6a1214a9ba45c53ad35
docs/archive/2026/GDPR-COMPLIANCE-GUIDE.md,GDPR Compliance Guide (Phase 2.6),guide,privacy,none,docs,2026-06-20,historical,,,retain historical archive with provenance,archive,conflicting-readiness,67f3786fc54897c706ed1ef56480f1c4c5cf8c878abc9443e8f26dd684343adb
docs/archive/2026/I18N-GUIDE.md,MenuMaker Multi-Language Support Guide,guide,localization,none,docs,2026-06-20,historical,,,retain historical archive with provenance,archive,conflicting-readiness,4885bb8167cd9b41edace0a0ea2d4706cb0331bf952193ce7e5cf6e6c21f8434
docs/archive/2026/IMPLEMENTATION-READY.md,✅ MenuMaker SpecKit Setup Complete,status,project-docs,none,docs,2026-06-20,historical,,docs/archive/2026/BUNDLE-VERIFICATION.txt;docs/archive/2026/INDEX.md;docs/archive/2026/REVIEW-SUMMARY.md;specs/MOBILE-COMPLETION-REPORT.txt,retain historical archive with provenance,archive,readiness-claim,a2b8029b89222d5d4e78f3797b4b82087767f8d50ab17208f1c826653d629acf
docs/archive/2026/INDEX.md,MenuMaker Project Index,reference,project-docs,none,docs,2026-06-20,historical,,docs/archive/2026/BUNDLE-VERIFICATION.txt;docs/archive/2026/REVIEW-SUMMARY.md;specs/MOBILE-COMPLETION-REPORT.txt,retain historical archive with provenance,archive,readiness-claim,5440a2c5aae210891c93bcacb5cb4f488abb35a323b1a7fe0dbff93561f517de
docs/archive/2026/IOS-IMPLEMENTATION-SUMMARY.md,MenuMaker iOS App - Implementation Summary,report,ios,none,docs,2026-06-20,historical,,docs/archive/2026/MOBILE-APPS-IMPLEMENTATION-COMPLETE.md;docs/archive/2026/MOBILE-APPS-STATUS.md,retain historical archive with provenance,archive,readiness-claim,3685d408bfab3d6000796b64b8a2d3589c9b23bc535353c393164c4ba7ea1d0b
docs/archive/2026/MARKETPLACE-GUIDE.md,MenuMaker Marketplace & Seller Discovery Guide,guide,marketplace,none,docs,2026-06-20,historical,,,retain historical archive with provenance,archive,readiness-claim,7a7da0d3c0d0932690fd2e2e11c876ca8973cb888a578ec49743bc2dcb0b4197
docs/archive/2026/MOBILE-APPS-IMPLEMENTATION-COMPLETE.md,MenuMaker Mobile Apps - Implementation Complete,status,project-docs,none,docs,2026-06-20,historical,,,retain historical archive with provenance,archive,readiness-claim,e5e70a4f188f5cea731cd85c4305c7d95853c4b5bcdbf24e05081c22d2c834c9
docs/archive/2026/MOBILE-APPS-STATUS.md,MenuMaker Mobile Apps - Final Status Report,status,project-docs,none,docs,2026-06-20,historical,,docs/archive/2026/MOBILE-APPS-IMPLEMENTATION-COMPLETE.md,retain historical archive with provenance,archive,readiness-claim,e930f06babca34d8d0cfb6eedb49406f4693bc343a5f2e7beb1f2675b0ed6e54
docs/archive/2026/NEXT-STEPS.md,MenuMaker - Next Steps & Improvements,reference,project-docs,none,docs,2026-06-20,historical,,README.md,retain historical archive with provenance,archive,conflicting-readiness,c5838103eff6700b8a2851dd7eeae543eaf7f16db22612fb33adf87899515af1
docs/archive/2026/OCR-MENU-IMPORT-GUIDE.md,OCR Menu Import Setup Guide (Phase 2.4),guide,seller-experience,none,docs,2026-06-20,historical,,,retain historical archive with provenance,archive,conflicting-readiness,1d6d50b55da5d5ea3960771a0e4496d216071e23dd7619c41eb071ceba3a24d5
docs/archive/2026/PAYMENT-PROCESSORS-GUIDE.md,MenuMaker Payment Processors Guide,guide,payments,none,docs,2026-06-20,historical,,,retain historical archive with provenance,archive,conflicting-readiness,24eb8ddaa1530ec25059c37ecd470665c792d7ee1cf9aa4e7209b2be22840999
docs/archive/2026/PAYOUTS-GUIDE.md,MenuMaker Automated Payouts Guide,guide,project-docs,none,docs,2026-06-20,historical,,,retain historical archive with provenance,archive,conflicting-readiness,0b8452e6a788e2fd8d8e18f2f302ae6048c7a6a6f6cb350db859ee1fe80d7068
docs/archive/2026/PHASE-1-POLISH-COMPLETE.md,Phase 1 Polish & Optimization - COMPLETE ✅,status,project-docs,none,docs,2026-06-20,historical,,,retain historical archive with provenance,archive,conflicting-readiness,e6806561386823964013312fec50bf4b552694263fd1427820aabb8f1d7772ac
docs/archive/2026/PHASE-1-POLISH-PLAN.md,Phase 1 Polish & Optimization Plan,plan,project-docs,none,docs,2026-06-20,historical,,docs/archive/2026/PHASE-1-POLISH-COMPLETE.md,retain historical archive with provenance,archive,readiness-claim,5e3775a3abeb09422f1ff44dff4c5f96202c171971ebf7cc71e76575aa3788a8
docs/archive/2026/PHASE-2-IMPLEMENTATION-PLAN.md,Phase 2 Growth - Implementation Plan,plan,project-docs,none,docs,2026-06-20,historical,,docs/archive/2026/PHASE-2.1-COMPLETION-SUMMARY.md;docs/archive/2026/PHASE-2.2-COMPLETION-SUMMARY.md,retain historical archive with provenance,archive,readiness-claim,1581bd4e9191321e627d0582f321bba86fd023458e3b96146030759e3de99974
docs/archive/2026/PHASE-2.1-COMPLETION-SUMMARY.md,Phase 2.1: Stripe Payment Integration - Completion Summary,report,project-docs,none,docs,2026-06-20,historical,,,retain historical archive with provenance,archive,readiness-claim,9e9060467aac5ccf8fe834f71fa9ea09bd6b3133c942d00e38d2315cae747542
docs/archive/2026/PHASE-2.2-COMPLETION-SUMMARY.md,Phase 2.2: Tiered Subscriptions - Completion Summary,report,project-docs,none,docs,2026-06-20,historical,,,retain historical archive with provenance,archive,conflicting-readiness,6ab940d9c548346337447cc001d9e4067bb3a14b966cc75ecf6f3c8dc9392efc
docs/archive/2026/PHASES-EXPANSION-COMPLETE.txt,Phases Expansion Complete,status,project-docs,none,docs,2026-06-20,historical,,specs/MOBILE-COMPLETION-REPORT.txt,retain historical archive with provenance,archive,readiness-claim,2cc267e117806444ed96fd43c1be9762ca825ca76354312a730385653a387d57
docs/archive/2026/PHASES-EXPANSION-SUMMARY.md,MenuMaker Phase 2 & 3 Expansion Summary,report,project-docs,none,docs,2026-06-20,historical,,docs/archive/2026/PHASES-EXPANSION-COMPLETE.txt;specs/MOBILE-COMPLETION-REPORT.txt,retain historical archive with provenance,archive,conflicting-readiness,7cfc41a7912ca2d8ce6fb8c047c40d756a654a57cd21132e94a7ee3a6ccc28b0
docs/archive/2026/PHASES-ROADMAP.md,MenuMaker: Complete Roadmap (Phases 0–3),plan,project-docs,none,docs,2026-06-20,historical,,docs/archive/2026/PHASE-1-POLISH-COMPLETE.md;docs/archive/2026/PHASES-EXPANSION-COMPLETE.txt;docs/archive/2026/PHASES-EXPANSION-SUMMARY.md;docs/archive/2026/REVIEW-SUMMARY.md;specs/MOBILE-COMPLETION-REPORT.txt;specs/MOBILE-EXPANSION-SUMMARY.md,retain historical archive with provenance,archive,readiness-claim,9555ca09686f60b017d4c1a48ca4b7152ef52b67a38fb2fc29eeb99ceccb0fcd
docs/archive/2026/POS-INTEGRATION-GUIDE.md,MenuMaker POS System Integration Guide,guide,integrations,none,docs,2026-06-20,historical,,,retain historical archive with provenance,archive,conflicting-readiness,76e48e458f386d45d1f38c43737cc18a5940bad260b5e660d5109d8d319c0ada
docs/archive/2026/README.md,2026 documentation archive,reference,project-docs,current,docs,2026-06-20,authoritative,,README.md;android/README.md;docs/README.md;docs/archive/2026/ADMIN-BACKEND-GUIDE.md;docs/archive/2026/BACKEND_EXPLORATION.md;docs/archive/2026/BACKEND_QUICK_REFERENCE.txt;docs/archive/2026/BUNDLE-VERIFICATION.txt;docs/archive/2026/CI-PIPELINE-TEST-REPORT.md;docs/archive/2026/COMPILATION_ERRORS_BREAKDOWN.md;docs/archive/2026/COMPREHENSIVE_PARITY_ANALYSIS.md;docs/archive/2026/CONTEXT.md;docs/archive/2026/IMPLEMENTATION-READY.md;docs/archive/2026/INDEX.md;docs/archive/2026/IOS-IMPLEMENTATION-SUMMARY.md;docs/archive/2026/MOBILE-APPS-IMPLEMENTATION-COMPLETE.md;docs/archive/2026/MOBILE-APPS-STATUS.md;docs/archive/2026/PAYMENT-PROCESSORS-GUIDE.md;docs/archive/2026/PHASE-1-POLISH-PLAN.md;docs/archive/2026/PHASE-2-IMPLEMENTATION-PLAN.md;docs/archive/2026/PHASE-2.1-COMPLETION-SUMMARY.md;docs/archive/2026/PHASE-2.2-COMPLETION-SUMMARY.md;docs/archive/2026/PHASES-EXPANSION-SUMMARY.md;docs/archive/2026/PHASES-ROADMAP.md;docs/archive/2026/SPECKIT-BUNDLE-README.md;docs/archive/2026/STRIPE-PAYMENT-TESTING.md;docs/archive/2026/TEST_COVERAGE_FINAL_SUMMARY.md;docs/archive/2026/TROUBLESHOOTING.md;docs/archive/2026/backend__templates__legal__privacy-policy-IN.md;docs/archive/2026/backend__tests__TEST_COVERAGE_FINAL_REPORT.md;docs/archive/2026/backend__tests__TEST_COVERAGE_IMPROVEMENT.md;docs/archive/2026/backend__tests__TEST_COVERAGE_SUMMARY.md;specs/001-menu-maker/plan.md;specs/004-mobile-ios/spec.md;specs/005-mobile-android/spec.md;specs/MOBILE-COMPLETION-REPORT.txt,current governed documentation,current,,6e339c2b0dfccf11a50658178940741bcb9e092cb279dbaf01f4bfd4fb376f92
docs/archive/2026/REFERRAL-SYSTEM-GUIDE.md,Referral System Setup Guide (Phase 2.5),guide,growth,none,docs,2026-06-20,historical,,,retain historical archive with provenance,archive,conflicting-readiness,77913ea729d2c153f7f6f91209bfd8185afe5b79a3e8a398cdb6e9d61833c5d5
docs/archive/2026/REORDER-FLOW-GUIDE.md,Customer Re-order Flow Guide (Phase 2.7),guide,project-docs,none,docs,2026-06-20,historical,,,retain historical archive with provenance,archive,readiness-claim,05b09aa02bbbcbbab5813e6ea32142f483c73c98e47f32879398b0ffe247157b
docs/archive/2026/REVIEW-SUMMARY.md,MenuMaker Specification Review - Executive Summary,report,marketplace,none,docs,2026-06-20,historical,,,retain historical archive with provenance,archive,conflicting-readiness,7d2a3766373db15899f24621477d41f97ec47f2e77678726d24515e45796e4a6
docs/archive/2026/REVIEWS-GUIDE.md,MenuMaker Review & Complaint Workflow Guide,guide,marketplace,none,docs,2026-06-20,historical,,,retain historical archive with provenance,archive,readiness-claim,504e893d7b7ccf0c59e6fb46ab11da924bae1586fc287c756db275070b5ba2ec
docs/archive/2026/SECURITY_AUDIT.md,SECURITY AUDIT REPORT - MenuMaker Application,reference,security,none,docs,2026-06-20,historical,,docs/archive/2026/PHASE-1-POLISH-COMPLETE.md;docs/archive/2026/SECURITY_QUICK_REFERENCE.md,retain historical archive with provenance,archive,conflicting-readiness,14178f01621caa3f9d0382d915afb26afc8485fda39fbc36a0a1d5b963229787
docs/archive/2026/SECURITY_FIXES.md,Security Fixes Applied - Phase 1 Polish,reference,security,none,docs,2026-06-20,historical,,docs/archive/2026/PHASE-1-POLISH-COMPLETE.md,retain historical archive with provenance,archive,,692eeebf0a7ba98b08b14fb14f9990c4f1cf06831e5a429505574c71c35dc428
docs/archive/2026/SECURITY_QUICK_REFERENCE.md,MenuMaker Security Audit - Quick Reference,guide,security,none,docs,2026-06-20,historical,,docs/archive/2026/PHASE-1-POLISH-COMPLETE.md,retain historical archive with provenance,archive,,5e7e4214e1c4f75b7db6e97803c410867cc6bbd385f7182f88cfcc2f1449ae0b
docs/archive/2026/SPEC-REVIEW-ANALYSIS.md,MenuMaker Specifications Review & Analysis,specification,marketplace,none,docs,2026-06-20,historical,,docs/archive/2026/REVIEW-SUMMARY.md,retain historical archive with provenance,archive,conflicting-readiness,dd9d43508172bbf3f4876bb10be6dad54cf7b2879b229d06be972e3382b6608c
docs/archive/2026/SPECKIT-BUNDLE-README.md,MenuMaker SpecKit-Ready Artifact Bundle,specification,project-docs,none,docs,2026-06-20,historical,,docs/archive/2026/BUNDLE-VERIFICATION.txt;docs/archive/2026/IMPLEMENTATION-READY.md;docs/archive/2026/INDEX.md;specs/MOBILE-COMPLETION-REPORT.txt,retain historical archive with provenance,archive,conflicting-readiness,587c7ea0ec61839549108bc33a121645031be4da97c37f27230d3b21149f967a
docs/archive/2026/STRIPE-PAYMENT-TESTING.md,Stripe Payment Integration - Testing Guide,reference,payments,none,docs,2026-06-20,historical,,docs/archive/2026/PHASE-2.1-COMPLETION-SUMMARY.md,retain historical archive with provenance,archive,readiness-claim,b2220dd85ff8e6fe58a65e3791cae629035f66671415a934c25690bccb738a82
docs/archive/2026/TAX-COMPLIANCE-GUIDE.md,MenuMaker Tax Compliance & Reporting Guide,guide,finance,none,docs,2026-06-20,historical,,,retain historical archive with provenance,archive,readiness-claim,b58fd18440dfc70118cc4ab5ac68a28161585c44971bb89f00435d6ed6045fae
docs/archive/2026/TEST_COVERAGE_FINAL_SUMMARY.md,Test Coverage Improvement - Final Summary,report,project-docs,none,docs,2026-06-20,historical,,,retain historical archive with provenance,archive,,50315b0adafcdc6589748d73bd453ba850c1d85c13329e399ef2c2932a5f6a31
docs/archive/2026/TROUBLESHOOTING.md,Troubleshooting Guide,guide,project-docs,none,docs,2026-06-20,historical,,,retain historical archive with provenance,archive,,52887dd7a2d960929b0a49a66c1b1b7a9a73c8fea906f1852b28ff2a15fad57c
docs/archive/2026/WHATSAPP-SETUP-GUIDE.md,WhatsApp Notifications Setup Guide (Phase 2.3),guide,project-docs,none,docs,2026-06-20,historical,,,retain historical archive with provenance,archive,conflicting-readiness,e2d34a56b6ce4cf01f8444cd8e3a2592ff53306a2e549e5bd4fdfbfd233bc16d
docs/archive/2026/android__ANDROID_TEST_COVERAGE_REPORT.md,Android Test Coverage - Final Report,report,android,none,docs,2026-06-20,historical,,,retain historical archive with provenance,archive,,bd6388d313c6208687ed1941dfed87e93c5974ee058028ce02eef5955ef71641
docs/archive/2026/android__PARITY_AUDIT.md,Android Feature Parity Audit,reference,android,none,docs,2026-06-20,historical,,,retain historical archive with provenance,archive,,c3593f59da2eb6971f5a59786412dc0490b0d64c072abba2e0b42020635c14d9
docs/archive/2026/backend__templates__legal__privacy-policy-IN.md,Privacy Policy,reference,privacy,none,docs,2026-06-20,historical,,,retain historical archive with provenance,archive,,b365f21bf67ece384e153a8d4eb4b53dcd536e11dc650a52216899cb6f695af1
docs/archive/2026/backend__tests__TEST_COVERAGE_FINAL_REPORT.md,Backend Test Coverage - Final Report,report,backend,none,docs,2026-06-20,historical,,,retain historical archive with provenance,archive,,b550037e0fe4720846f56627811e41b7cf5cf038f8b910bf3fcee4a0d1d27033
docs/archive/2026/backend__tests__TEST_COVERAGE_IMPROVEMENT.md,Backend Test Coverage Improvement Summary,report,backend,none,docs,2026-06-20,historical,,,retain historical archive with provenance,archive,,1ced19d9624f46f855659838dab72a5d88ab3dfb7187be8b8308063305fbeab4
docs/archive/2026/backend__tests__TEST_COVERAGE_SUMMARY.md,Backend Test Coverage Summary,report,backend,none,docs,2026-06-20,historical,,,retain historical archive with provenance,archive,conflicting-readiness,28a06cf792511a7d381eb5b840fdcc64b9fd6a58c530d0fd0600ee35f243f10f
docs/archive/2026/ios__IOS_TEST_COVERAGE_REPORT.md,iOS Test Coverage Improvement Summary,report,ios,none,docs,2026-06-20,historical,,,retain historical archive with provenance,archive,conflicting-readiness,9afbf792d9430c775c7465191a98c1e79a3570ae032b9e8a26f0e003e22b5bc4
docs/operations/runbooks/index.md,MenuMaker Operations Runbooks,runbook,operations,current,docs,2026-06-20,authoritative,,README.md;android/README.md;docs/README.md;docs/archive/2026/COUPONS-PROMOTIONS-GUIDE.md;docs/archive/2026/DELIVERY-INTEGRATION-GUIDE.md;docs/archive/2026/ENHANCED-REFERRAL-GUIDE.md;docs/archive/2026/I18N-GUIDE.md;docs/archive/2026/MARKETPLACE-GUIDE.md;docs/archive/2026/OCR-MENU-IMPORT-GUIDE.md;docs/archive/2026/PAYOUTS-GUIDE.md;docs/archive/2026/POS-INTEGRATION-GUIDE.md;docs/archive/2026/REFERRAL-SYSTEM-GUIDE.md;docs/archive/2026/REORDER-FLOW-GUIDE.md;docs/archive/2026/REVIEW-SUMMARY.md;docs/archive/2026/REVIEWS-GUIDE.md;docs/archive/2026/SPEC-REVIEW-ANALYSIS.md;docs/archive/2026/TAX-COMPLIANCE-GUIDE.md;docs/archive/2026/WHATSAPP-SETUP-GUIDE.md;docs/product/capability-index.md;ios/README.md,current governed documentation,current,,a4bad67974fadfd4e587a070ed7b9f908bc4684d4ed7eb49bdf5bead3fc50a32
docs/product/capability-index.md,Capability index,reference,project-docs,current,docs,2026-06-20,authoritative,,README.md;android/README.md;docs/README.md;docs/archive/2026/COUPONS-PROMOTIONS-GUIDE.md;docs/archive/2026/DELIVERY-INTEGRATION-GUIDE.md;docs/archive/2026/ENHANCED-REFERRAL-GUIDE.md;docs/archive/2026/I18N-GUIDE.md;docs/archive/2026/MARKETPLACE-GUIDE.md;docs/archive/2026/OCR-MENU-IMPORT-GUIDE.md;docs/archive/2026/PAYOUTS-GUIDE.md;docs/archive/2026/POS-INTEGRATION-GUIDE.md;docs/archive/2026/REFERRAL-SYSTEM-GUIDE.md;docs/archive/2026/REORDER-FLOW-GUIDE.md;docs/archive/2026/REVIEW-SUMMARY.md;docs/archive/2026/REVIEWS-GUIDE.md;docs/archive/2026/SPEC-REVIEW-ANALYSIS.md;docs/archive/2026/TAX-COMPLIANCE-GUIDE.md;docs/archive/2026/WHATSAPP-SETUP-GUIDE.md;ios/README.md,current governed documentation,current,readiness-claim,619d746ec854ac76d9bc0ec2dbdfef59ee4fcbd9d7fa76d5da6f513d637c0b81
docs/product/status.md,MenuMaker product status,status,project-docs,current,docs,2026-06-20,authoritative,,README.md;android/README.md;docs/README.md;docs/archive/2026/ANDROID-DEV-GUIDE.md;docs/archive/2026/ANDROID-TEST-VERIFICATION.md;docs/archive/2026/ANDROID_IOS_PARITY_PLAN.md;docs/archive/2026/COMPLETE_TEST_COVERAGE_SUMMARY.md;docs/archive/2026/IMPLEMENTATION-READY.md;docs/archive/2026/IOS-IMPLEMENTATION-SUMMARY.md;docs/archive/2026/MOBILE-APPS-IMPLEMENTATION-COMPLETE.md;docs/archive/2026/MOBILE-APPS-STATUS.md;docs/archive/2026/NEXT-STEPS.md;docs/archive/2026/PHASE-1-POLISH-COMPLETE.md;docs/archive/2026/PHASES-EXPANSION-COMPLETE.txt;docs/archive/2026/android__ANDROID_TEST_COVERAGE_REPORT.md;docs/archive/2026/android__PARITY_AUDIT.md;docs/archive/2026/ios__IOS_TEST_COVERAGE_REPORT.md;docs/product/capability-index.md;ios/README.md,current governed documentation,current,conflicting-readiness,ad03628c506498a082e263c2938f37464a57513ff2c42fc8a321d0d7f8d19b89
docs/security/threat-model.md,MenuMaker Threat Model and Control Matrix,reference,security,current,docs,2026-06-20,authoritative,,docs/README.md;docs/archive/2026/GDPR-COMPLIANCE-GUIDE.md;docs/archive/2026/SECURITY_AUDIT.md;docs/archive/2026/SECURITY_FIXES.md;docs/archive/2026/SECURITY_QUICK_REFERENCE.md;docs/product/capability-index.md,current governed documentation,current,readiness-claim,770d17e78043744048c5a4fa581905990e95f23b6baa1d8a668d9b9e6ddab5e3
ios/README.md,MenuMaker iOS App,reference,ios,current,docs,2026-06-20,authoritative,,README.md;android/README.md;docs/README.md;docs/archive/2026/ADMIN-BACKEND-GUIDE.md;docs/archive/2026/BACKEND_EXPLORATION.md;docs/archive/2026/BACKEND_QUICK_REFERENCE.txt;docs/archive/2026/BUNDLE-VERIFICATION.txt;docs/archive/2026/CI-PIPELINE-TEST-REPORT.md;docs/archive/2026/COMPILATION_ERRORS_BREAKDOWN.md;docs/archive/2026/COMPREHENSIVE_PARITY_ANALYSIS.md;docs/archive/2026/CONTEXT.md;docs/archive/2026/IMPLEMENTATION-READY.md;docs/archive/2026/INDEX.md;docs/archive/2026/IOS-IMPLEMENTATION-SUMMARY.md;docs/archive/2026/MOBILE-APPS-IMPLEMENTATION-COMPLETE.md;docs/archive/2026/MOBILE-APPS-STATUS.md;docs/archive/2026/PAYMENT-PROCESSORS-GUIDE.md;docs/archive/2026/PHASE-1-POLISH-PLAN.md;docs/archive/2026/PHASE-2-IMPLEMENTATION-PLAN.md;docs/archive/2026/PHASE-2.1-COMPLETION-SUMMARY.md;docs/archive/2026/PHASE-2.2-COMPLETION-SUMMARY.md;docs/archive/2026/PHASES-EXPANSION-SUMMARY.md;docs/archive/2026/PHASES-ROADMAP.md;docs/archive/2026/SPECKIT-BUNDLE-README.md;docs/archive/2026/STRIPE-PAYMENT-TESTING.md;docs/archive/2026/TEST_COVERAGE_FINAL_SUMMARY.md;docs/archive/2026/TROUBLESHOOTING.md;docs/archive/2026/backend__templates__legal__privacy-policy-IN.md;docs/archive/2026/backend__tests__TEST_COVERAGE_FINAL_REPORT.md;docs/archive/2026/backend__tests__TEST_COVERAGE_IMPROVEMENT.md;docs/archive/2026/backend__tests__TEST_COVERAGE_SUMMARY.md;specs/001-menu-maker/plan.md;specs/004-mobile-ios/spec.md;specs/005-mobile-android/spec.md;specs/MOBILE-COMPLETION-REPORT.txt,current governed documentation,current,readiness-claim,e00e1dfa57a18acce760429fc0fa92f86bafbbf297c405c8bedd195607d7cdfa
specs/001-menu-maker/GDPR-COMPLIANCE-SUMMARY.md,GDPR Compliance Summary - MenuMaker,report,privacy,reference,product,2026-06-20,supporting,,,source specification retained for traceability,keep,,3ba69ca763084c735ec040c4b5cdcf5ff61bcb6cbefb281e9634503c33bfa907
specs/001-menu-maker/analytics-instrumentation.md,Analytics & Instrumentation Strategy,specification,product-spec,reference,product,2026-06-20,supporting,,specs/001-menu-maker/logging-strategy.md,source specification retained for traceability,keep,conflicting-readiness,349ad1d3099e2912e2923a411a1b658995828e120e9fe13409c37c7ccdcf15e3
specs/001-menu-maker/api-versioning-policy.md,API Versioning Policy,specification,api,reference,product,2026-06-20,supporting,,,source specification retained for traceability,keep,,e6adc83ee9073c3ea605d5d3327bbdd166967d6369e5d74d90ac6090edb48521
specs/001-menu-maker/auth-implementation.md,Authentication Implementation Specification,specification,product-spec,reference,product,2026-06-20,supporting,,,source specification retained for traceability,keep,conflicting-readiness,bce9acd59bc60e88f2ea048c5fdaed22f365846d619e6b662fcfb632d419ef8d
specs/001-menu-maker/common-dishes-catalog.md,Common Dishes Catalog,specification,product-spec,reference,product,2026-06-20,supporting,,specs/001-menu-maker/data-model.md;specs/001-menu-maker/database-migration-strategy.md,source specification retained for traceability,keep,,61be56a9555e518ded21c513ff34d61aa02fc0ffd4e5b76da693e287b49de061
specs/001-menu-maker/data-model.md,Data Model: MenuMaker MVP,specification,product-spec,reference,product,2026-06-20,supporting,,docs/archive/2026/BUNDLE-VERIFICATION.txt;docs/archive/2026/IMPLEMENTATION-READY.md;docs/archive/2026/INDEX.md;docs/archive/2026/PHASES-EXPANSION-COMPLETE.txt;docs/archive/2026/PHASES-EXPANSION-SUMMARY.md;docs/archive/2026/PHASES-ROADMAP.md;docs/archive/2026/REVIEW-SUMMARY.md;docs/archive/2026/SPEC-REVIEW-ANALYSIS.md;docs/archive/2026/SPECKIT-BUNDLE-README.md;specs/001-menu-maker/GDPR-COMPLIANCE-SUMMARY.md;specs/001-menu-maker/database-migration-strategy.md;specs/001-menu-maker/phase-2-data-model.md;specs/001-menu-maker/phase-2-spec.md;specs/001-menu-maker/phase-3-spec.md;specs/001-menu-maker/plan.md;specs/MOBILE-COMPLETION-REPORT.txt;specs/MOBILE-EXPANSION-SUMMARY.md,source specification retained for traceability,keep,readiness-claim,faaf247d47f1107ebcf0d561e4bfd6fa81d89910bc0d42835eae3250f1e90593
specs/001-menu-maker/database-migration-strategy.md,Database Migration Strategy,specification,product-spec,reference,product,2026-06-20,supporting,,docs/archive/2026/REVIEW-SUMMARY.md,source specification retained for traceability,keep,,b13bc736f2f36f2ceebc57ca61844b474418879d2b68498b97222164b02b963a
specs/001-menu-maker/delivery-fee-calculation.md,Delivery Fee Calculation Specification,specification,logistics,reference,product,2026-06-20,supporting,,,source specification retained for traceability,keep,conflicting-readiness,0975556e386b3835bf06687b885ad0de4e5a3308c0eeb41e1a69588b2431e784
specs/001-menu-maker/deployment-pipeline.md,Deployment Pipeline & CI/CD Specification,specification,delivery,reference,product,2026-06-20,supporting,,docs/archive/2026/REVIEW-SUMMARY.md;docs/archive/2026/SPEC-REVIEW-ANALYSIS.md,source specification retained for traceability,keep,conflicting-readiness,d4eaf219117cceff591d35933beaa9783b36387e446bcddaeb8ab4d512562917
specs/001-menu-maker/docker-compose-spec.md,Docker Compose Development Environment Specification,specification,integrations,reference,product,2026-06-20,supporting,,,source specification retained for traceability,keep,readiness-claim,9fc9d5806907ef8179622fa56099002e3a42a7ad6846b75a31b3405b0bcaa714
specs/001-menu-maker/environment-strategy.md,Environment Strategy,specification,product-spec,reference,product,2026-06-20,supporting,,,source specification retained for traceability,keep,,b37938ccf06f31538180b89f4d63bf1d164c6ee7a1c06431c9365c960c17aa99
specs/001-menu-maker/environment-variables-spec.md,Environment Variables Specification,specification,product-spec,reference,product,2026-06-20,supporting,,specs/001-menu-maker/deployment-pipeline.md,source specification retained for traceability,keep,readiness-claim,5093cea20b9288e36ea646afa3374eea03a14c898c02b886401d013e50ebba3a
specs/001-menu-maker/file-upload-pipeline.md,File Upload Pipeline Specification,specification,product-spec,reference,product,2026-06-20,supporting,,,source specification retained for traceability,keep,readiness-claim,0e5908976d95b53083d40641cdf89d2945cf59e5648d5ed6d9e1d6bfc6b23546
specs/001-menu-maker/logging-strategy.md,Logging Strategy,specification,product-spec,reference,product,2026-06-20,supporting,,docs/archive/2026/REVIEW-SUMMARY.md;docs/archive/2026/SPEC-REVIEW-ANALYSIS.md;specs/001-menu-maker/analytics-instrumentation.md,source specification retained for traceability,keep,readiness-claim,884d113798d49ae599864eb33ff7a7e9256601b3dede7c2d577ca026fdf24a8d
specs/001-menu-maker/phase-1-spec.md,Feature Specification: MenuMaker MVP,specification,product-spec,reference,product,2026-06-20,supporting,,docs/archive/2026/REVIEW-SUMMARY.md,source specification retained for traceability,keep,conflicting-readiness,a3fde8dd5f67099f1618e5e22e16d825a9652a1f36f378517a178b8c8c1e1b27
specs/001-menu-maker/phase-2-data-model.md,Phase 2 & 3 Data Model Extensions,specification,product-spec,reference,product,2026-06-20,supporting,,docs/archive/2026/PHASES-EXPANSION-COMPLETE.txt;docs/archive/2026/PHASES-EXPANSION-SUMMARY.md;specs/001-menu-maker/phase-2-spec.md;specs/MOBILE-COMPLETION-REPORT.txt;specs/MOBILE-EXPANSION-SUMMARY.md,source specification retained for traceability,keep,,3ad06066313d75e37af810fa8489838e326ae75710667ab22db83787366f0c71
specs/001-menu-maker/phase-2-referral-system.md,Phase 2: Referral System (US2.7),specification,growth,reference,product,2026-06-20,supporting,,docs/archive/2026/REFERRAL-SYSTEM-GUIDE.md,source specification retained for traceability,keep,readiness-claim,904b7ef1488e06dcc8e2e7c5c0470a392de7ba29a28a4ee2c44d1f9de1e12ec8
specs/001-menu-maker/phase-2-spec.md,Feature Specification: MenuMaker Phase 2 (Growth),specification,product-spec,reference,product,2026-06-20,supporting,,docs/archive/2026/GDPR-COMPLIANCE-GUIDE.md;docs/archive/2026/PHASES-EXPANSION-COMPLETE.txt;docs/archive/2026/PHASES-EXPANSION-SUMMARY.md;docs/archive/2026/REORDER-FLOW-GUIDE.md;specs/001-menu-maker/GDPR-COMPLIANCE-SUMMARY.md;specs/MOBILE-COMPLETION-REPORT.txt;specs/MOBILE-EXPANSION-SUMMARY.md,source specification retained for traceability,keep,conflicting-readiness,79177925b40d9da5a9e1f2319b2d5e898f6a55456ef1d917815257961b5a3eea
specs/001-menu-maker/phase-3-admin-backend.md,Phase 3: Admin Backend Platform (US3.10),specification,backend,reference,product,2026-06-20,supporting,,docs/archive/2026/CONTEXT.md;docs/archive/2026/SPEC-REVIEW-ANALYSIS.md,source specification retained for traceability,keep,readiness-claim,bdb2c0cf0924bc5ce145e81519309cf123e7365365794a466ba8d4effa20e756
specs/001-menu-maker/phase-3-spec.md,Feature Specification: MenuMaker Phase 3 (Scale),specification,product-spec,reference,product,2026-06-20,supporting,,docs/archive/2026/PHASES-EXPANSION-COMPLETE.txt;docs/archive/2026/PHASES-EXPANSION-SUMMARY.md;specs/MOBILE-COMPLETION-REPORT.txt;specs/MOBILE-EXPANSION-SUMMARY.md,source specification retained for traceability,keep,conflicting-readiness,c837d57021b290a7e5066245713f46765c300d0c933f42e5812ff787fe709b96
specs/001-menu-maker/plan.md,Implementation Plan: MenuMaker MVP,specification,product-spec,reference,product,2026-06-20,supporting,,docs/archive/2026/BUNDLE-VERIFICATION.txt;docs/archive/2026/IMPLEMENTATION-READY.md;docs/archive/2026/INDEX.md;docs/archive/2026/PHASES-EXPANSION-SUMMARY.md;docs/archive/2026/REVIEW-SUMMARY.md;docs/archive/2026/SPEC-REVIEW-ANALYSIS.md;docs/archive/2026/SPECKIT-BUNDLE-README.md;specs/001-menu-maker/research.md;specs/MOBILE-COMPLETION-REPORT.txt;specs/MOBILE-EXPANSION-SUMMARY.md,source specification retained for traceability,keep,readiness-claim,2259df05782622f909552fcc1d59d3dd2402c6237d66fc7b48e6ac2d4d43649c
specs/001-menu-maker/quickstart.md,Quickstart & Acceptance Scenarios: MenuMaker MVP,guide,product-spec,reference,product,2026-06-20,supporting,,docs/archive/2026/BUNDLE-VERIFICATION.txt;docs/archive/2026/IMPLEMENTATION-READY.md;docs/archive/2026/INDEX.md;docs/archive/2026/PHASES-EXPANSION-SUMMARY.md;docs/archive/2026/PHASES-ROADMAP.md;docs/archive/2026/REVIEW-SUMMARY.md;docs/archive/2026/SPEC-REVIEW-ANALYSIS.md;docs/archive/2026/SPECKIT-BUNDLE-README.md;specs/001-menu-maker/plan.md;specs/001-menu-maker/research.md;specs/MOBILE-COMPLETION-REPORT.txt,source specification retained for traceability,keep,readiness-claim,b5299c52fb76d72fe63da4cad2da5a928c95f50f72146bdd0086ce41ee4c8a5f
specs/001-menu-maker/research.md,Research & Technical Decisions: MenuMaker MVP,specification,product-spec,reference,product,2026-06-20,supporting,,docs/archive/2026/BUNDLE-VERIFICATION.txt;docs/archive/2026/IMPLEMENTATION-READY.md;docs/archive/2026/INDEX.md;docs/archive/2026/PHASES-ROADMAP.md;docs/archive/2026/REVIEW-SUMMARY.md;docs/archive/2026/SPECKIT-BUNDLE-README.md;specs/001-menu-maker/plan.md;specs/MOBILE-COMPLETION-REPORT.txt,source specification retained for traceability,keep,readiness-claim,b717a8e8bd9a37c1f5dd58e3fcec706bf9b52ef45ddc369548e8ec3e4dd99582
specs/004-mobile-ios/spec.md,MenuMaker iOS App Specification,specification,ios,reference,product,2026-06-20,supporting,,docs/archive/2026/BUNDLE-VERIFICATION.txt;docs/archive/2026/GDPR-COMPLIANCE-GUIDE.md;docs/archive/2026/IMPLEMENTATION-READY.md;docs/archive/2026/INDEX.md;docs/archive/2026/PHASES-EXPANSION-COMPLETE.txt;docs/archive/2026/PHASES-EXPANSION-SUMMARY.md;docs/archive/2026/PHASES-ROADMAP.md;docs/archive/2026/REORDER-FLOW-GUIDE.md;docs/archive/2026/REVIEW-SUMMARY.md;docs/archive/2026/SPECKIT-BUNDLE-README.md;specs/001-menu-maker/GDPR-COMPLIANCE-SUMMARY.md;specs/001-menu-maker/deployment-pipeline.md;specs/001-menu-maker/phase-2-spec.md;specs/001-menu-maker/plan.md;specs/MOBILE-COMPLETION-REPORT.txt;specs/MOBILE-EXPANSION-SUMMARY.md,source specification retained for traceability,keep,,1edb223a0c4082135ea73abe084f0ed59d64a12d1e12af86cde7560c65a616f7
specs/005-mobile-android/spec.md,MenuMaker Android App Specification,specification,android,reference,product,2026-06-20,supporting,,docs/archive/2026/BUNDLE-VERIFICATION.txt;docs/archive/2026/GDPR-COMPLIANCE-GUIDE.md;docs/archive/2026/IMPLEMENTATION-READY.md;docs/archive/2026/INDEX.md;docs/archive/2026/PHASES-EXPANSION-COMPLETE.txt;docs/archive/2026/PHASES-EXPANSION-SUMMARY.md;docs/archive/2026/PHASES-ROADMAP.md;docs/archive/2026/REORDER-FLOW-GUIDE.md;docs/archive/2026/REVIEW-SUMMARY.md;docs/archive/2026/SPECKIT-BUNDLE-README.md;specs/001-menu-maker/GDPR-COMPLIANCE-SUMMARY.md;specs/001-menu-maker/deployment-pipeline.md;specs/001-menu-maker/phase-2-spec.md;specs/001-menu-maker/plan.md;specs/MOBILE-COMPLETION-REPORT.txt;specs/MOBILE-EXPANSION-SUMMARY.md,source specification retained for traceability,keep,,d5fafea78af329dff2a9e0544f238d224442b706c1594d0d888a2eff3db62dad
specs/COMPREHENSIVE-NEW-REQUIREMENTS.md,MenuMaker: Comprehensive New Requirements Summary,specification,product-spec,reference,product,2026-06-20,supporting,,specs/001-menu-maker/GDPR-COMPLIANCE-SUMMARY.md,source specification retained for traceability,keep,readiness-claim,7c0cc7d545c9e15bbcc79fcda1357c8876cb7f061e599b7777235d8bb2831954
specs/MOBILE-COMPLETION-REPORT.txt,Mobile Completion Report,report,product-spec,reference,product,2026-06-20,supporting,,,source specification retained for traceability,keep,conflicting-readiness,5b5f657112248631b1adefe7bef63ad7b053bea485783015ede707a27e2d228b
specs/MOBILE-EXPANSION-SUMMARY.md,MenuMaker Mobile Apps Expansion — Summary,report,product-spec,reference,product,2026-06-20,supporting,,specs/MOBILE-COMPLETION-REPORT.txt,source specification retained for traceability,keep,readiness-claim,4c2fdab1b8d12e4d868eb250675db8e08b07a794dd73c6db328fd16b6255f8f5
specs/mobile-architecture.md,MenuMaker Mobile Architecture & Technology Decision,specification,product-spec,reference,product,2026-06-20,supporting,,docs/archive/2026/MOBILE-APPS-STATUS.md;docs/archive/2026/SPEC-REVIEW-ANALYSIS.md;specs/001-menu-maker/plan.md;specs/MOBILE-COMPLETION-REPORT.txt;specs/MOBILE-EXPANSION-SUMMARY.md,source specification retained for traceability,keep,,e8d0e0a64167aba6410954732b5b110d801cccfbd831d3a779f7f13b650f708d
